Scope,Day,Service,Window,Metric,Value
daily,1,,,UsersServed,22.000000
daily,1,,,ServicesServed,42.000000
daily,1,,,ServicesNotServed,0.000000
daily,1,,,UsersWaitingAtClose,0.000000
daily,1,,,WaitTimeTotal,301.592000
daily,1,,,ServiceTimeTotal,497.363386
daily,1,,,AverageWaitTime,7.180762
daily,1,,,AverageServiceTime,11.841985
daily,1,,,OperatorsActive,6.000000
daily,1,,,OperatorPauses,0.000000
daily,1,,,OperatorWindowRatio,1.000000
daily,1,,,AverageUsersPerDay,22.000000
daily,1,,,AverageServicesServedPerDay,42.000000
daily,1,,,AverageServicesNotServedPerDay,0.000000
daily,1,,,AverageOperatorPausesPerDay,0.000000
daily,1,0,,ServicesServed,5.000000
daily,1,0,,ServicesNotServed,0.000000
daily,1,0,,AverageWaitTime,0.092200
daily,1,0,,AverageServiceTime,9.780804
daily,1,1,,ServicesServed,8.000000
daily,1,1,,ServicesNotServed,0.000000
daily,1,1,,AverageWaitTime,0.085000
daily,1,1,,AverageServiceTime,7.845827
daily,1,2,,ServicesServed,8.000000
daily,1,2,,ServicesNotServed,0.000000
daily,1,2,,AverageWaitTime,2.614500
daily,1,2,,AverageServiceTime,5.255969
daily,1,3,,ServicesServed,5.000000
daily,1,3,,ServicesNotServed,0.000000
daily,1,3,,AverageWaitTime,0.166800
daily,1,3,,AverageServiceTime,6.757108
daily,1,4,,ServicesServed,10.000000
daily,1,4,,ServicesNotServed,0.000000
daily,1,4,,AverageWaitTime,11.432100
daily,1,4,,AverageServiceTime,18.703102
daily,1,5,,ServicesServed,6.000000
daily,1,5,,ServicesNotServed,0.000000
daily,1,5,,AverageWaitTime,27.396667
daily,1,5,,AverageServiceTime,20.471405
daily,1,0,0,AvailableOperatorWindowRatio,1.000000
daily,1,1,1,AvailableOperatorWindowRatio,1.000000
daily,1,2,2,AvailableOperatorWindowRatio,1.000000
daily,1,3,3,AvailableOperatorWindowRatio,1.000000
daily,1,4,4,AvailableOperatorWindowRatio,2.000000
daily,1,5,5,AvailableOperatorWindowRatio,2.000000
daily,2,,,UsersServed,22.000000
daily,2,,,ServicesServed,42.000000
daily,2,,,ServicesNotServed,0.000000
daily,2,,,UsersWaitingAtClose,0.000000
daily,2,,,WaitTimeTotal,89.083000
daily,2,,,ServiceTimeTotal,413.508488
daily,2,,,AverageWaitTime,2.121024
daily,2,,,AverageServiceTime,9.845440
daily,2,,,OperatorsActive,6.000000
daily,2,,,OperatorPauses,0.000000
daily,2,,,OperatorWindowRatio,1.000000
daily,2,,,AverageUsersPerDay,22.000000
daily,2,,,AverageServicesServedPerDay,42.000000
daily,2,,,AverageServicesNotServedPerDay,0.000000
daily,2,,,AverageOperatorPausesPerDay,0.000000
daily,2,0,,ServicesServed,6.000000
daily,2,0,,ServicesNotServed,0.000000
daily,2,0,,AverageWaitTime,5.524667
daily,2,0,,AverageServiceTime,8.889269
daily,2,1,,ServicesServed,10.000000
daily,2,1,,ServicesNotServed,0.000000
daily,2,1,,AverageWaitTime,1.696300
daily,2,1,,AverageServiceTime,9.629777
daily,2,2,,ServicesServed,11.000000
daily,2,2,,ServicesNotServed,0.000000
daily,2,2,,AverageWaitTime,1.818273
daily,2,2,,AverageServiceTime,5.681379
daily,2,3,,ServicesServed,7.000000
daily,2,3,,ServicesNotServed,0.000000
daily,2,3,,AverageWaitTime,2.232429
daily,2,3,,AverageServiceTime,8.244989
daily,2,4,,ServicesServed,3.000000
daily,2,4,,ServicesNotServed,0.000000
daily,2,4,,AverageWaitTime,0.075667
daily,2,4,,AverageServiceTime,19.958015
daily,2,5,,ServicesServed,5.000000
daily,2,5,,ServicesNotServed,0.000000
daily,2,5,,AverageWaitTime,0.623400
daily,2,5,,AverageServiceTime,16.758192
daily,2,1,0,AvailableOperatorWindowRatio,1.000000
daily,2,2,1,AvailableOperatorWindowRatio,1.000000
daily,2,3,2,AvailableOperatorWindowRatio,1.000000
daily,2,4,3,AvailableOperatorWindowRatio,2.000000
daily,2,5,4,AvailableOperatorWindowRatio,2.000000
daily,2,0,5,AvailableOperatorWindowRatio,1.000000
total,2,,,DaysSimulated,2.000000
total,2,,,UsersServed,44.000000
total,2,,,ServicesServed,84.000000
total,2,,,ServicesNotServed,0.000000
total,2,,,WaitTimeTotal,390.675000
total,2,,,ServiceTimeTotal,910.871874
total,2,,,AverageWaitTime,4.650893
total,2,,,AverageServiceTime,10.843713
total,2,,,OperatorsActive,12.000000
total,2,,,OperatorPauses,0.000000
total,2,,,AverageUsersPerDay,22.000000
total,2,,,AverageServicesServedPerDay,42.000000
total,2,,,AverageServicesNotServedPerDay,0.000000
total,2,,,AverageOperatorPausesPerDay,0.000000
total,2,0,,ServicesServed,11.000000
total,2,0,,ServicesNotServed,0.000000
total,2,0,,AverageWaitTime,3.055364
total,2,0,,AverageServiceTime,9.294512
total,2,1,,ServicesServed,18.000000
total,2,1,,ServicesNotServed,0.000000
total,2,1,,AverageWaitTime,0.980167
total,2,1,,AverageServiceTime,8.836910
total,2,2,,ServicesServed,19.000000
total,2,2,,ServicesNotServed,0.000000
total,2,2,,AverageWaitTime,2.153526
total,2,2,,AverageServiceTime,5.502259
total,2,3,,ServicesServed,12.000000
total,2,3,,ServicesNotServed,0.000000
total,2,3,,AverageWaitTime,1.371750
total,2,3,,AverageServiceTime,7.625039
total,2,4,,ServicesServed,13.000000
total,2,4,,ServicesNotServed,0.000000
total,2,4,,AverageWaitTime,8.811385
total,2,4,,AverageServiceTime,18.992698
total,2,5,,ServicesServed,11.000000
total,2,5,,ServicesNotServed,0.000000
total,2,5,,AverageWaitTime,15.227000
total,2,5,,AverageServiceTime,18.783581
total,2,,,Termination,timeout
